{
  "variants": {
    "age=0": {
      "model": "sweet_potato:block/sweet_potato_stage0"
    },
    "age=1": {
      "model": "sweet_potato:block/sweet_potato_stage0"
    },
    "age=2": {
      "model": "sweet_potato:block/sweet_potato_stage1"
    },
    "age=3": {
      "model": "sweet_potato:block/sweet_potato_stage1"
    },
    "age=4": {
      "model": "sweet_potato:block/sweet_potato_stage2"
    },
    "age=5": {
      "model": "sweet_potato:block/sweet_potato_stage2"
    },
    "age=6": {
      "model": "sweet_potato:block/sweet_potato_stage2"
    },
    "age=7": {
      "model": "sweet_potato:block/sweet_potato_stage3"
    }
  }
}